{
    "keep": {
        "days": true,
        "amount": 100
    },
    "auditLog": "logs\\.dd36a53d2d4406c58a422779a3c53d8011380386-audit.json",
    "files": [
        {
            "date": 1693004119019,
            "name": "logs\\warn-2023-08-26-06.log",
            "hash": "37dfa8fd9be00daee215906986fe96a16a2dbcf7da93b12911a65ca584ec4cc8"
        },
        {
            "date": 1693030719308,
            "name": "logs\\warn-2023-08-26-14.log",
            "hash": "851ad181df30a6867b7a75d1ae814204511da170d81458a53e73d6d6eec149d4"
        },
        {
            "date": 1693058890270,
            "name": "logs\\warn-2023-08-26-22.log",
            "hash": "c66ef6b66e9148e89f0553f3c9c05b7790437dec4747bc057727c5b16d82ed64"
        },
        {
            "date": 1693068582591,
            "name": "logs\\warn-2023-08-27-00.log",
            "hash": "6cfdf1d83b5be30f6e5d893e947cfac7a3ccd8cc2a00cb034ea2870ae3030f8d"
        },
        {
            "date": 1693069654264,
            "name": "logs\\warn-2023-08-27-01.log",
            "hash": "803cce11cbcf76dd0812772242fba60e75373779a1d7eedc3caf5d2fef3162e6"
        },
        {
            "date": 1693104640670,
            "name": "logs\\warn-2023-08-27-10.log",
            "hash": "6132c9415a42fe68df3fcc568c2c5e87ac7a7838b650bb5f27508cb02742ee56"
        },
        {
            "date": 1693106175612,
            "name": "logs\\warn-2023-08-27-11.log",
            "hash": "26a9f2e287fef1f7abccbc30dfd3c060aa1429d81a8d8a71e474e9e5a8f752fd"
        },
        {
            "date": 1696989212335,
            "name": "logs\\warn-2023-10-11-09.log",
            "hash": "396049e291bb8570941d711171ffcd32e83dc108f5be4763276cdd4263684322"
        },
        {
            "date": 1697003862875,
            "name": "logs\\warn-2023-10-11-13.log",
            "hash": "966e239afb8dd272d2bae6b8b35ce0fcf60d7cc22819cce14b6b1fc7fe064b22"
        },
        {
            "date": 1697081920267,
            "name": "logs\\warn-2023-10-12-11.log",
            "hash": "70371f0bbc8b61780e4a3ef9d1995490e795f3d648aaa5bd339f3389c261fdc5"
        },
        {
            "date": 1697765219821,
            "name": "logs\\warn-2023-10-20-09.log",
            "hash": "a25451ba9d3a4f71b23444aa9146ccb24dadb51029d46b645a43ad31d91b91f3"
        },
        {
            "date": 1697781282258,
            "name": "logs\\warn-2023-10-20-13.log",
            "hash": "10381f42b4a557078982aeabc2c5e2cbf33d7c8011af52e8f5ce954b72cc3d2b"
        },
        {
            "date": 1697824483958,
            "name": "logs\\warn-2023-10-21-01.log",
            "hash": "79ea55f1619508be140c5825ce7bc4f43b25c3546239969ba26037268d547dac"
        },
        {
            "date": 1697867701314,
            "name": "logs\\warn-2023-10-21-13.log",
            "hash": "aeaf070fd5bd66cd5a3e1149be0c68cd8376cad39e2a799447a99dc826d13f48"
        },
        {
            "date": 1697910905236,
            "name": "logs\\warn-2023-10-22-01.log",
            "hash": "106c9e338ef8b6e9664bfcf858a9cb8ec9db14063d5fdc51b2920099d3e42fb6"
        },
        {
            "date": 1697954106508,
            "name": "logs\\warn-2023-10-22-13.log",
            "hash": "8d7982dc14cf6d0553a38972a99c9dfb94ef154e555b4c416c89102f48c7adc1"
        },
        {
            "date": 1697997315119,
            "name": "logs\\warn-2023-10-23-01.log",
            "hash": "0a042bfa4e6d38398fdfe82adb34db81f1a11b857897bdbd72d9867c8965c916"
        },
        {
            "date": 1698040522456,
            "name": "logs\\warn-2023-10-23-13.log",
            "hash": "629967b8d82980335a97cbb0747513593b5e1d2e7e3452b5af462b14b2de4f4f"
        },
        {
            "date": 1700017649171,
            "name": "logs\\warn-2023-11-15-11.log",
            "hash": "a3c787a26cf29c1e2fe41463eac31efe973cc1736c840037d9a708f6e3efe8b8"
        },
        {
            "date": 1700039997897,
            "name": "logs\\warn-2023-11-15-17.log",
            "hash": "ecb50f8af034c5052bbe1a5bcd0935e99217b9ead6ab795497e92b970c0053d6"
        },
        {
            "date": 1700060960783,
            "name": "logs\\warn-2023-11-15-23.log",
            "hash": "441ab772a51edb2ca1aa5fb36d45f572c755ea2791cf9dbed5e25502decc90b8"
        },
        {
            "date": 1700094584802,
            "name": "logs\\warn-2023-11-16-08.log",
            "hash": "d293be9a7ff281adeafdf0c7fa5627607862d3390f78d4f332b997fc602b2289"
        },
        {
            "date": 1700104168563,
            "name": "logs\\warn-2023-11-16-11.log",
            "hash": "f48e0782cbad6a5b73de8b68f82edf8f5eaa8eab54819ef04b9905dcc6e4a73a"
        },
        {
            "date": 1700147372338,
            "name": "logs\\warn-2023-11-16-23.log",
            "hash": "df79738faec1ca8e9b96935d61169a0b38e2c6e2c64654383a94aa1de124172a"
        },
        {
            "date": 1700186003932,
            "name": "logs\\warn-2023-11-17-09.log",
            "hash": "03d20d14b377caf33c2214470c8d498944c0f19a653e4c0af86440e17dc20ee9"
        },
        {
            "date": 1700190579664,
            "name": "logs\\warn-2023-11-17-11.log",
            "hash": "7d5000e92cc7224ad0ea30226b7bd23c43ad2ffb31246310dd2804d830c3a77a"
        },
        {
            "date": 1700213562856,
            "name": "logs\\warn-2023-11-17-17.log",
            "hash": "14dde6fb34d39081536728265d199bd9f79eb0146a42fa6980d4b18150938c86"
        },
        {
            "date": 1701082192696,
            "name": "logs\\warn-2023-11-27-18.log",
            "hash": "c2850cbe975bf5f372351c65209e87c2671ced46c29f7f00f6cb1867e7a35540"
        },
        {
            "date": 1701082866217,
            "name": "logs\\warn-2023-11-27-19.log",
            "hash": "9eb14e81c28a0a1e4140f89792ade4e412c171dc48ddc1f36a61f12301f30259"
        },
        {
            "date": 1701095771473,
            "name": "logs\\warn-2023-11-27-22.log",
            "hash": "55e70a040cfeb95a31bc98aa0f17ae217dc3ce6fab1166d985ca89a4f152261d"
        },
        {
            "date": 1701125326189,
            "name": "logs\\warn-2023-11-28-06.log",
            "hash": "fabc1d1e570bdda0c5d02064a47802763c02e291e271b7edef7cfc42a41d36f3"
        },
        {
            "date": 1701130815621,
            "name": "logs\\warn-2023-11-28-08.log",
            "hash": "4262d67879f61e7f0b3f2d746dc50b3e5620bee3b0c953eba9ee2f1bfbcc82ae"
        },
        {
            "date": 1701135906640,
            "name": "logs\\warn-2023-11-28-09.log",
            "hash": "d04182af6874d47bfde1cafb9a66d120bde4939f34df5a1788f141bfe8c79d51"
        },
        {
            "date": 1701141880571,
            "name": "logs\\warn-2023-11-28-11.log",
            "hash": "486bf2d7cddd6dd8d9521fc0c32e52f7cda1b1dd82efc0201526f08d46ff241c"
        },
        {
            "date": 1701168532926,
            "name": "logs\\warn-2023-11-28-18.log",
            "hash": "c0d88a01243cd699e6108807f476c69b0e978362ed8e0fd420baaa73074e51ff"
        },
        {
            "date": 1701211737659,
            "name": "logs\\warn-2023-11-29-06.log",
            "hash": "379441ce656f68dd53383da3c0d9382b42275ad99a7a93275ed256df8015dca1"
        },
        {
            "date": 1701226751697,
            "name": "logs\\warn-2023-11-29-10.log",
            "hash": "c9bf6f2617559a59295dcf1aa099f5d75c22b2947ce419462212187a8a5596a7"
        },
        {
            "date": 1701246049214,
            "name": "logs\\warn-2023-11-29-16.log",
            "hash": "8f3c66310f58f728ba2ba83731e4387fd2f1596ec9fa5990486d3b690039b4cc"
        },
        {
            "date": 1701254940275,
            "name": "logs\\warn-2023-11-29-18.log",
            "hash": "736d6f40da3b8eb12c36a86844f48c9889091316e58293cc59ddd205a31f5fa0"
        }
    ],
    "hashType": "sha256"
}