{"openapi":"3.0.0","paths":{"/":{"get":{"operationId":"AppController_index","parameters":[],"responses":{"200":{"description":""}}}},"/test_config":{"get":{"operationId":"AppController_test_config","summary":"配置测试接口","parameters":[],"responses":{"200":{"description":""}}}},"/openapi.json":{"get":{"operationId":"AppController_docs","summary":"OpenAPI接口描述JSON","parameters":[],"responses":{"200":{"description":""}}}},"/test/test1":{"get":{"operationId":"TestController_test","summary":"基本接口测试","parameters":[],"responses":{"200":{"description":""}},"tags":["测试"]}},"/test/test_get_url_param/{val}":{"get":{"operationId":"TestController_test_get_url_param","summary":"GET路径参数","parameters":[],"responses":{"200":{"description":""}},"tags":["测试"]}},"/test/test_form_urlencoded":{"get":{"operationId":"TestController_test_form_urlencoded","summary":"form urlencoded 参数","parameters":[],"responses":{"200":{"description":""}},"tags":["测试"]}},"/test/test_form_data":{"get":{"operationId":"TestController_test_form_data","summary":"form-data参数","parameters":[],"responses":{"200":{"description":""}},"tags":["测试"]}},"/test/test_application_json":{"get":{"operationId":"TestController_test_application_json","summary":"application/json参数","parameters":[],"responses":{"200":{"description":""}},"tags":["测试"]}},"/test/test_redis_01":{"get":{"operationId":"TestController_test_redis_01","summary":"redis测试: 写","parameters":[],"responses":{"200":{"description":""}},"tags":["测试"]}},"/test/test_redis_02":{"get":{"operationId":"TestController_test_redis_02","summary":"redis测试: 读","parameters":[],"responses":{"200":{"description":""}},"tags":["测试"]}},"/test/test_class_validator_1":{"post":{"operationId":"TestController_test_class_validator_1","summary":"参数校验测试","parameters":[],"requestBody":{"required":true,"content":{"application/json":{"schema":{"$ref":"#/components/schemas/CreatePersonDto"}}}},"responses":{"201":{"description":""}},"tags":["测试"]}},"/test/hbs/001":{"get":{"operationId":"TestController_test_hbs_001","summary":"视图模板测试","parameters":[],"responses":{"200":{"description":""}},"tags":["测试"]}},"/test/test_http_query_params":{"get":{"operationId":"TestController_test_http_query_params","summary":"GET查询参数","parameters":[{"name":"x","required":true,"in":"query","schema":{"type":"number"}},{"name":"y","required":true,"in":"query","schema":{"type":"number"}}],"responses":{"200":{"description":""}},"tags":["测试"]}},"/test/test_http_form_urlencoded":{"post":{"operationId":"TestController_test_http_form_urlencoded","summary":"POST表单参数","parameters":[],"requestBody":{"required":true,"content":{"application/json":{"schema":{"$ref":"#/components/schemas/FormUrlEncodedParams"}}}},"responses":{"201":{"description":""}},"tags":["测试"]}},"/test/test_http_json":{"post":{"operationId":"TestController_test_http_json","summary":"POST application/json 参数","parameters":[],"requestBody":{"required":true,"content":{"application/json":{"schema":{"$ref":"#/components/schemas/FormUrlEncodedParams"}}}},"responses":{"201":{"description":""}},"tags":["测试"]}},"/test/test_http_form_data":{"post":{"operationId":"TestController_test_http_form_data","summary":"文件上传测试","parameters":[],"responses":{"201":{"description":""}},"tags":["测试"]}},"/test/typeorm/test/list":{"get":{"operationId":"TestController_typeorm_test_list","summary":"typeorm: 基本find","parameters":[],"responses":{"200":{"description":""}},"tags":["测试"]}},"/test/typeorm/add":{"get":{"operationId":"TestController_typeorm_test_add","summary":"typeorm: 添加","parameters":[],"responses":{"200":{"description":""}},"tags":["测试"]}},"/test/test_global_exception":{"get":{"operationId":"TestController_test_global_exception","summary":"全局异常测试","parameters":[],"responses":{"200":{"description":""}},"tags":["测试"]}},"/user/create":{"post":{"operationId":"UserController_create","summary":"创建用户","parameters":[],"requestBody":{"required":true,"content":{"application/json":{"schema":{"title":"用户信息"}}}},"responses":{"200":{"description":"返回用户信息"}},"tags":["用户"],"security":[{"bearer":[]}]}},"/user/list":{"post":{"operationId":"UserController_list","summary":"查询所有用户","parameters":[],"requestBody":{"required":true,"content":{"application/json":{"schema":{"title":"用户列表"}}}},"responses":{"201":{"description":""}},"tags":["用户"],"security":[{"bearer":[]}]}},"/user/findOne":{"post":{"operationId":"UserController_findOne","summary":"查询用户信息","parameters":[{"name":"id","required":true,"in":"path","schema":{"type":"string"}}],"responses":{"201":{"description":""}},"tags":["用户"],"security":[{"bearer":[]}]}},"/user/update":{"post":{"operationId":"UserController_update","summary":"修改用户信息","parameters":[{"name":"id","required":true,"in":"path","schema":{"type":"string"}}],"requestBody":{"required":true,"content":{"application/json":{"schema":{"$ref":"#/components/schemas/UpdateUserDto"}}}},"responses":{"201":{"description":""}},"tags":["用户"],"security":[{"bearer":[]}]}},"/user/remove":{"post":{"operationId":"UserController_remove","summary":"删除用户","parameters":[{"name":"id","required":true,"in":"path","schema":{"type":"string"}}],"responses":{"201":{"description":""}},"tags":["用户"],"security":[{"bearer":[]}]}},"/role/list":{"post":{"operationId":"RoleController_list","summary":"角色列表","parameters":[],"responses":{"201":{"description":""}},"tags":["角色"]}},"/role/add":{"post":{"operationId":"RoleController_add","summary":"添加角色","parameters":[],"responses":{"201":{"description":""}},"tags":["角色"]}},"/role/update":{"post":{"operationId":"RoleController_update","summary":"修改角色","parameters":[],"responses":{"201":{"description":""}},"tags":["角色"]}},"/xz/list":{"post":{"operationId":"XinZhanController_list","parameters":[],"requestBody":{"required":true,"content":{"application/json":{"schema":{"$ref":"#/components/schemas/HnjmzyxyQueryDto"}}}},"responses":{"201":{"description":""}},"tags":["吴新展"]}},"/xz/content/{id}":{"get":{"operationId":"XinZhanController_contentPage","parameters":[{"name":"id","required":true,"in":"path","schema":{"type":"number"}}],"responses":{"200":{"description":""}},"tags":["吴新展"]}},"/collect/url/create":{"post":{"operationId":"UrlController_urlCreate","summary":"新增URL","parameters":[],"responses":{"201":{"description":""}},"tags":["URL"]}},"/collect/url/retrieve":{"post":{"operationId":"UrlController_urlRetrieve","summary":"查询URL","parameters":[],"responses":{"201":{"description":""}},"tags":["URL"]}},"/collect/url/update":{"post":{"operationId":"UrlController_urlUpdate","summary":"修改URL","parameters":[],"responses":{"201":{"description":""}},"tags":["URL"]}},"/collect/url/delete":{"post":{"operationId":"UrlController_urlDelete","summary":"删除URL","parameters":[],"responses":{"201":{"description":""}},"tags":["URL"]}}},"info":{"title":"By Admin API Document","description":"管理系统的API文档","version":"0.0.1","contact":{}},"tags":[],"servers":[],"components":{"securitySchemes":{"bearer":{"scheme":"bearer","bearerFormat":"JWT","type":"http"}},"schemas":{"CreatePersonDto":{"type":"object","properties":{"name":{"type":"string","example":"陈哥"},"age":{"type":"number","example":18},"phone":{"type":"string","example":"15052508051"}},"required":["name","age","phone"]},"FormUrlEncodedParams":{"type":"object","properties":{}},"UpdateUserDto":{"type":"object","properties":{}},"HnjmzyxyQueryDto":{"type":"object","properties":{}}}}}